X,Y,Z,X_new,Y_new,Z_new
-1.8494087,-0.1866548,-4.6891505,-1.905005357,-0.19226599,-4.830115065
1.82335,-0.0382476,-4.4747409,1.940432994,-0.040703598,-4.762077977
-1.7952351,-0.4712183,-4.6797921,-1.853983634,-0.486638779,-4.832936904
-1.6729633,-0.7409701,-4.6703527,-1.750071736,-0.775122102,-4.885613605
-1.5103682,-1.0030077,-4.6580628,-1.548944169,-1.028625291,-4.777033319
-1.3157219,-1.2302692,-4.6388829,-1.363105596,-1.274575449,-4.805945117
-1.0866237,-1.4288093,-4.6271942,-1.139282028,-1.498050114,-4.851430346
-0.841436,-1.5881539,-4.6180845,-0.865677263,-1.633907655,-4.751128726
-0.5688791,-1.7117394,-4.6060971,-0.592384646,-1.782466851,-4.79641667
-0.2802306,-1.7868963,-4.5895338,-0.292423473,-1.864644411,-4.789225066
0.0303543,-1.8060941,-4.5775173,0.031099811,-1.850452316,-4.689942507
0.3389427,-1.7670223,-4.5669386,0.349818617,-1.823722111,-4.713481492
0.6296338,-1.6752116,-4.5543202,0.658225867,-1.751284013,-4.761134747
0.903049,-1.5359672,-4.5436373,0.934589637,-1.589613662,-4.702332137
1.1296182,-1.3596974,-4.5320391,1.17641097,-1.416020862,-4.719772146
1.3430146,-1.1352537,-4.5186603,1.396256168,-1.180258935,-4.697795033
1.5234487,-0.8820192,-4.5053035,1.560515268,-0.903479342,-4.614920673
1.66673,-0.6015575,-4.4894943,1.724538874,-0.622421924,-4.64520795
1.7742529,-0.3147245,-4.4813648,1.809108011,-0.320907247,-4.569400991
1.4803795,-0.2784091,-4.2521477,1.511919649,-0.284340731,-4.342741614
1.3304805,-0.3957993,-4.1163568,1.396205354,-0.415351523,-4.319702096
1.4025663,-0.0875979,-4.0967505,1.446197661,-0.090322916,-4.224193174
1.6598674,-0.1629579,-4.360097,1.712533443,-0.168128402,-4.498438808
1.3775452,-0.5562179,-4.2551744,1.41189685,-0.570088227,-4.361285083
1.218479,-0.6608051,-4.1171092,1.248235565,-0.67694267,-4.217653424
1.5728673,-0.4977773,-4.3846169,1.628938667,-0.515522633,-4.540924724
1.0675764,-0.8350258,-4.0741276,1.103544395,-0.863158872,-4.211390096
1.4125998,-0.7651082,-4.3491143,1.447752221,-0.78414785,-4.457341625
1.1625724,-1.0084678,-4.2867617,1.179546874,-1.023192225,-4.349351801
0.9797896,-1.0221743,-4.1940771,1.036211241,-1.081036684,-4.435594987
1.2433925,-1.044972,-4.428907,1.295041384,-1.088378758,-4.612877953
0.4479065,-1.3210042,-4.1153135,0.4622414,-1.363281913,-4.247020911
0.7927811,-1.1285403,-3.950527,0.816634889,-1.162496662,-4.069393402
0.7545308,-1.231867,-4.2106742,0.771488526,-1.259552634,-4.30530713
0.9606503,-1.2253673,-4.3501528,0.988859272,-1.261349542,-4.477892664
0.7913459,-1.467547,-4.4598152,0.827884634,-1.535307899,-4.665737795
0.639731,-1.4283783,-4.3092672,0.658270384,-1.469772658,-4.434149627
0.2502692,-1.4405108,-4.2294923,0.259789436,-1.495307807,-4.390382118
-0.0431634,-1.4859437,-4.2241245,-0.045324157,-1.560329938,-4.435583879
0.4369492,-1.5662387,-4.4507678,0.453623678,-1.626008149,-4.620614157
0.170101,-1.536292,-4.3529346,0.174977486,-1.580334696,-4.477725314
0.1150328,-1.659293,-4.4794405,0.118499992,-1.709305584,-4.614454868
-0.4712809,-1.2990486,-4.0491124,-0.493100261,-1.359191947,-4.236578189
-0.695746,-1.2201885,-4.0826724,-0.713497502,-1.251320807,-4.186839102
-0.8974356,-1.0371009,-3.9243322,-0.934423015,-1.079844559,-4.08607183
-0.3345935,-1.4364443,-4.2042399,-0.348353343,-1.49551672,-4.37713531
-0.593037,-1.367679,-4.2189162,-0.611916233,-1.411218831,-4.353224687
-0.121086,-1.5827835,-4.3476694,-0.125065225,-1.634798193,-4.490545978
-0.250451,-1.6747624,-4.4953466,-0.261407419,-1.748027825,-4.692003439
-0.4168934,-1.5503847,-4.35465,-0.43469949,-1.616603759,-4.540643081
-0.5010994,-1.604146,-4.4680566,-0.515858776,-1.651394499,-4.599658692
-0.8509346,-1.2086906,-4.1964258,-0.885331157,-1.257548403,-4.36605411
-1.083722,-1.0131062,-4.0942159,-1.110291938,-1.037944829,-4.194595022
-0.7413757,-1.4687384,-4.4067541,-0.777887745,-1.541072363,-4.62378253
-1.0423914,-1.227012,-4.3525118,-1.075444247,-1.265918922,-4.490524171
-1.205606,-0.7976328,-3.9357259,-1.261495258,-0.834609312,-4.118177546
-1.3980068,-0.6210032,-4.1031308,-1.443625753,-0.641267419,-4.237021803
-1.2587092,-1.1329256,-4.536802,-1.307207813,-1.176577716,-4.711606954
-1.2848863,-1.0583392,-4.2983597,-1.315237388,-1.08333888,-4.399893892
-1.4584918,-0.8401306,-4.414718,-1.508470171,-0.868919489,-4.565997844
-1.4873828,-0.2990405,-4.1319712,-1.504752695,-0.302532743,-4.180225023
-1.7219191,-0.1465319,-4.5022071,-1.803872818,-0.153505999,-4.716486976
-1.6059476,-0.4703517,-4.3730982,-1.675099736,-0.490605054,-4.561403897
-1.6081446,0.082784,-4.3462365,-1.729877954,0.089050584,-4.675237976
1.5563394,0.0532498,-4.2824388,1.585314341,0.054241171,-4.362166533
-1.4376473,-0.255156,-3.9462328,-1.497885628,-0.265847197,-4.111582442
1.7535008,0.2567159,-4.4880918,1.781047114,0.260748734,-4.558596693
1.6348913,0.5430176,-4.5038477,1.676554474,0.556855729,-4.618622664
1.4714871,0.8070475,-4.5161536,1.505584255,0.825748326,-4.62080147
1.2752341,1.0459096,-4.5283216,1.33096169,1.091615735,-4.726208757
1.0579501,1.2422653,-4.5459053,1.11316207,1.307096254,-4.783145587
0.8147445,1.3774345,-4.5626107,0.870858052,1.472301961,-4.876849449
0.5193043,1.4728992,-4.5713148,0.53777984,1.525301246,-4.733950675
0.1997059,1.527026,-4.5867451,0.209025939,1.598290503,-4.800803085
-0.1336488,1.5512509,-4.6078121,-0.138677678,1.609620687,-4.781192828
-0.4564878,1.5231452,-4.626798,-0.466789838,1.557519611,-4.731215789
-0.7517807,1.4465981,-4.6437219,-0.788012219,1.516315834,-4.867522671
-1.0127303,1.3232173,-4.6561383,-1.043964804,1.364027806,-4.799742346
-1.2291366,1.1513057,-4.6614994,-1.286864687,1.205378352,-4.880433116
-1.4023094,0.9318764,-4.6632662,-1.424540968,0.94664994,-4.737195477
-1.5477852,0.6811388,-4.6685325,-1.613465061,0.710042747,-4.866640457
-1.6735906,0.4005884,-4.6742048,-1.730152438,0.414126966,-4.832177494
-1.7584292,0.112862,-4.6785729,-1.787686078,0.114739806,-4.756415349
-1.4844923,0.085236,-3.9689611,-1.579008683,0.090662905,-4.221661533
-1.1725139,0.7467836,-4.0368151,-1.21777764,0.775612442,-4.192652355
-1.5357752,0.1318267,-4.1708779,-1.57314497,0.135034418,-4.272367199
-1.3763945,0.4597488,-4.0874816,-1.427258004,0.476738431,-4.238531053
-1.2523849,0.7759739,-4.2290975,-1.276157444,0.790703296,-4.309373463
-1.0943493,0.9925425,-4.2642856,-1.133475538,1.028028843,-4.416746478
-1.4746979,0.4842849,-4.3904748,-1.511679957,0.49642966,-4.500577887
-1.2557173,0.9335753,-4.4666214,-1.274655154,0.947654832,-4.533983873
-0.9959036,0.9762077,-4.0871278,-1.01819425,0.998057509,-4.17860727
-0.670654,1.0778107,-4.0203676,-0.686958997,1.104014526,-4.118111121
-0.8187461,1.1246612,-4.1722865,-0.848145082,1.165044774,-4.322102143
-0.5077589,1.1982218,-4.1562508,-0.535552318,1.263809384,-4.383753294
-0.9969018,1.1585486,-4.3981723,-1.027838162,1.194501267,-4.534658612
-0.6842477,1.2648136,-4.3389467,-0.704590754,1.302417192,-4.467945932
-0.3036062,1.1290321,-3.9907005,-0.311219242,1.157343014,-4.090768849
-0.2181138,1.2154658,-4.1805704,-0.223197882,1.243797469,-4.27801661
0.0797555,1.2215647,-4.210391,0.079813421,1.222451842,-4.21344873
-0.3879186,1.2889961,-4.3330808,-0.404956776,1.345611437,-4.523398545
-0.5129705,1.3876945,-4.4983135,-0.52710612,1.425934363,-4.622270821
-0.1061207,1.3206906,-4.3500465,-0.108064124,1.344876854,-4.429710372
-0.2017471,1.449542,-4.4875118,-0.211212585,1.517550995,-4.698054971
0.2743568,1.1288448,-4.095303,0.284300654,1.169758922,-4.243734146
0.5883061,1.0498034,-4.1475305,0.60487896,1.079376857,-4.264368391
0.4035734,1.2147803,-4.250977,0.416244775,1.252921905,-4.384448941
0.6746155,1.1370319,-4.3056975,0.6940926,1.169859612,-4.430009051
0.2182699,1.2933499,-4.3220098,0.229457115,1.359639315,-4.543530287
0.1472378,1.4073114,-4.4585514,0.151690183,1.44986766,-4.593375342
0.4535915,1.3735714,-4.3878201,0.47115642,1.42676171,-4.557734463
0.4268557,1.3909997,-4.5919832,0.441222073,1.437815568,-4.746532247
0.8060352,0.8450686,-4.0895337,0.840941653,0.881665447,-4.26663653
0.9014548,1.0725601,-4.393362,0.930832076,1.107513482,-4.53653613
0.8508225,0.9587083,-4.250468,0.873633275,0.984411522,-4.364424167
0.9817318,0.8238837,-4.1975654,1.008169729,0.846070797,-4.310605372
1.0942672,0.8656776,-4.3348675,1.129522691,0.89356831,-4.474529808
1.1482092,0.6205588,-4.1530825,1.171427946,0.633107556,-4.237064903
1.291353,0.856924,-4.434036,1.326656819,0.880351126,-4.555256461
1.3300218,0.5515713,-4.3012155,1.359527241,0.563807456,-4.396634433
1.47637,0.5568861,-4.4249546,1.546460876,0.583324347,-4.635029949
1.3061042,0.3627951,-4.0659565,1.360529308,0.377912701,-4.235384118
1.2888521,0.1021421,-3.9372843,1.329654239,0.105375688,-4.061929804
1.4732624,0.3408468,-4.3186122,1.507733977,0.348821976,-4.419659626
1.3983834,0.2227391,-4.1579389,1.488027321,0.237017878,-4.424485219
1.6022347,0.2995033,-4.4020175,1.661605686,0.310601428,-4.565134751
1.6909589,0.0695129,-4.4020572,1.757759263,0.072258967,-4.575957949
-1.624598,0.1931852,-4.4984582,-1.713534663,0.203760891,-4.744720882
0.7323643,1.2786719,-4.4597744,0.760737357,1.328209856,-4.632553757
-0.4873892,-1.0532534,-2.4217661,-0.493233378,-1.065882733,-2.450804972
-0.6486766,-1.0176934,-2.2149835,-0.671684739,-1.053790326,-2.29354753
-0.8385368,-0.8808977,-2.3779528,-0.867708181,-0.911542751,-2.460678052
-1.0970637,-0.6936784,-2.177772,-1.126173582,-0.712084712,-2.235557784
-1.3797678,-0.256361,-2.2273166,-1.448398857,-0.269112657,-2.338105598
-0.4639701,-1.0525497,-2.6128535,-0.481890374,-1.093203136,-2.713771748
-0.267172,-1.0864505,-2.9333216,-0.278599548,-1.132920434,-3.058786368
-0.6815471,-0.9463595,-2.7957616,-0.703577904,-0.976950285,-2.886133749
-0.1334193,-1.204459,-3.3549448,-0.139155638,-1.256244491,-3.499190029
-0.4312348,-1.1294328,-3.1298973,-0.445535168,-1.166886422,-3.233689211
-0.67891,-1.031734,-3.3294535,-0.685477202,-1.041714123,-3.361659821
-0.8567705,-0.8480648,-3.1315908,-0.885185514,-0.876191088,-3.235450816
-0.2695215,-1.2915475,-3.9121979,-0.281638861,-1.349613916,-4.088085593
-0.5331148,-1.1541826,-3.6502012,-0.560086183,-1.21257509,-3.834872443
-0.8340958,-1.0106565,-3.7118994,-0.862818579,-1.045459293,-3.839721726
-0.9368194,-0.8621007,-3.4759131,-0.970352269,-0.892959059,-3.600331252
-0.632357,-1.1577689,-3.9002795,-0.654147078,-1.197663887,-4.034677307
-0.9100333,-0.7878199,-2.5697409,-0.932928526,-0.807640399,-2.634392158
-1.1790315,-0.5053643,-2.4186862,-1.227217661,-0.526018172,-2.517536148
-1.2089991,-0.3215,-2.6259146,-1.264597834,-0.336284951,-2.746673604
-1.3260179,-0.0725182,-2.470305,-1.345083341,-0.073560864,-2.505822963
-1.0682683,-0.5568935,-2.8009975,-1.094408488,-0.570520508,-2.869537025
-1.1912179,-0.1109246,-2.8080208,-1.221472846,-0.1137419,-2.879339841
-1.0502347,-0.6587051,-3.2830575,-1.094769072,-0.686636969,-3.422272958
-0.9481046,-0.6687051,-2.9859358,-0.96186045,-0.678407201,-3.029258113
-1.1230681,-0.3881823,-3.0789941,-1.151432271,-0.397986219,-3.156757074
-1.2234154,-0.232007,-3.2535798,-1.281647787,-0.243050119,-3.408444385
-1.1111993,-0.2974913,-2.9297309,-1.162439241,-0.311209304,-3.064827492
-1.2150561,0.0616729,-3.1495874,-1.259275049,0.063917332,-3.264208811
-1.1473614,-0.7380254,-3.6716294,-1.184127653,-0.761674818,-3.789283748
-1.2237999,-0.4438869,-3.4343996,-1.286286516,-0.466551545,-3.609758342
-1.317139,-0.4537856,-3.797141,-1.3705203,-0.472176723,-3.951032367
-1.3623083,-0.1835495,-3.5765023,-1.424615759,-0.191944445,-3.740079641
-1.2945246,0.0044646,-3.395869,-1.323428544,0.004564285,-3.471691434
-1.4288389,0.0162279,-3.7450639,-1.46918869,0.016686169,-3.850822878
-1.1961506,0.4727008,-2.1348587,-1.231512976,0.486675481,-2.197972556
-1.3439227,0.2608789,-2.2859587,-1.390220675,0.269866147,-2.364709701
-0.9733716,0.7833448,-2.1356804,-1.003761584,0.807801889,-2.202359244
-1.084544,0.642329,-2.2944311,-1.123243662,0.665249154,-2.376303028
-0.4744603,0.9216631,-2.4030496,-0.495595348,0.962718999,-2.51009453
-1.1979519,0.3568559,-2.4784827,-1.246053178,0.37118471,-2.57800104
-0.8101213,0.7799751,-2.7861002,-0.856953808,0.825064879,-2.947162575
-1.1527031,0.3963354,-2.7760988,-1.178454467,0.405189526,-2.838116799
-1.2108759,0.2308631,-3.2680415,-1.271488567,0.242419386,-3.431629455
-1.149837,0.1261486,-3.0127447,-1.19693808,0.131316059,-3.136156566
-1.0728956,0.4244745,-3.1162604,-1.113183685,0.440413856,-3.233278462
-0.9629968,0.6625317,-3.264554,-0.995102222,0.684619894,-3.373391209
-0.9260326,0.662565,-2.9776545,-0.962418161,0.688598424,-3.09465214
-1.3098926,0.2502325,-3.5546142,-1.367064019,0.261154118,-3.709758474
-1.1286884,0.4952157,-3.408753,-1.150793142,0.504914227,-3.475511554
-1.2568999,0.473413,-3.8272471,-1.306093303,0.49194176,-3.9770405
-1.0391293,0.6983287,-3.6308762,-1.111848589,0.747198429,-3.884968484
-0.5193141,0.9416102,-2.9093307,-0.54203572,0.982808599,-3.036623041
-0.9560178,0.7163603,-2.5667707,-0.996371965,0.746598358,-2.675115845
-0.7900735,0.8524436,-2.3373028,-0.813226012,0.877423821,-2.405795706
-0.7146405,0.8711305,-3.1683767,-0.73338954,0.893985152,-3.25150104
-0.4342811,0.966628,-2.6273729,-0.452141078,1.00638095,-2.735424625
-0.1471556,0.9940208,-3.1403044,-0.15244215,1.029730897,-3.25311952
-0.42008,0.9852158,-3.2409724,-0.427427255,1.002447355,-3.297657437
-0.7291884,0.9416286,-3.6834151,-0.765999722,0.989164454,-3.869363447
-0.6400862,0.9396221,-3.3587404,-0.671917122,0.986348677,-3.525767594
-0.4914927,1.0152643,-3.5753985,-0.514186354,1.062142018,-3.740485092
-0.9860024,0.902689,-3.8818799,-1.036290708,0.94872814,-4.079864381
-0.5522059,1.0583871,-3.846434,-0.579726382,1.111134314,-4.038130097
-0.341934,1.0938008,-3.7265987,-0.354164071,1.132923149,-3.859889236
-0.6666922,-0.9663355,-2.9891134,-0.699985481,-1.01459237,-3.13838377
-1.2624226,0.0681852,-2.6363918,-1.302383473,0.070343542,-2.719844456
-0.8386013,0.835999,-3.4753728,-0.885434334,0.882686704,-3.669460566
0.5923711,-0.8905618,-2.0877142,0.620019353,-0.932127768,-2.185155906
-0.2267449,-1.1629949,-2.2035067,-0.231269317,-1.186201042,-2.247474984
1.1288425,-0.0783134,-3.5012147,1.159935621,-0.080470484,-3.597653037
0.7930436,-0.4621542,-2.8717247,0.80588326,-0.469636642,-2.918218952
0.4461932,-0.8594828,-2.851266,0.462112706,-0.89014786,-2.952994905
0.8562109,-0.0332047,-2.9631156,0.873412072,-0.033871778,-3.022644228
0.6492955,-0.6279522,-3.022086,0.675036643,-0.652847194,-3.141895777
0.9800251,-0.2243595,-3.1783515,1.020548923,-0.233636716,-3.309775636
0.9118393,-0.1932865,-3.0307831,0.959435118,-0.20337559,-3.188982688
0.8859474,-0.4686072,-3.1560144,0.92070911,-0.486993831,-3.279846196
1.0170843,-0.3672948,-3.3486482,1.065109285,-0.384637834,-3.506765655
0.8985848,-0.5140855,-3.2429117,0.919686031,-0.526157635,-3.319064145
1.2995249,-0.2020426,-3.9990077,1.367815263,-0.21265999,-4.20915657
1.2339608,-0.0906523,-3.7426118,1.255919428,-0.092265479,-3.809212475
1.2294588,-0.3600488,-3.8671295,1.28712333,-0.376935941,-4.048507033
1.0429958,-0.4491368,-3.5036909,1.057118773,-0.455218461,-3.551133596
1.1382908,-0.299058,-3.6101772,1.172941466,-0.308161613,-3.720074465
1.1192778,-0.5355168,-3.7090771,1.152103198,-0.551222063,-3.817854324
0.9651631,-0.6894658,-3.5832797,1.000359584,-0.714608464,-3.71395072
1.0673384,-0.7344882,-3.8984385,1.095915659,-0.754153621,-4.002816535
0.907007,-0.9080221,-3.7107429,0.95108732,-0.952151754,-3.891084106
0.8607187,-0.759439,-3.4263323,0.899884414,-0.793996133,-3.582242413
0.1275229,-1.1256733,-2.5730532,0.130137415,-1.148752208,-2.625806746
-0.0956568,-1.0701575,-2.8015564,-0.098904915,-1.106495685,-2.896685831
0.4810105,-0.8482918,-3.1088158,0.491835683,-0.86738268,-3.178779967
0.221985,-0.9390039,-2.9973579,0.229119617,-0.969183564,-3.093693234
0.7719804,-0.7818802,-3.2696915,0.793067029,-0.803237242,-3.359003056
0.6074634,-0.9851203,-3.382754,0.619911018,-1.005306539,-3.452070488
0.394641,-1.0274123,-3.2380963,0.412597236,-1.074159742,-3.385430258
0.0664372,-1.1051613,-3.0939416,0.068396477,-1.137753239,-3.185183988
0.6285433,-1.1083648,-3.690965,0.652995745,-1.151483913,-3.834555935
0.7288933,-0.9660914,-3.5211524,0.739423974,-0.98004899,-3.572024192
0.3289439,-1.1616042,-3.541586,0.345422356,-1.219794801,-3.719001867
0.3262672,-1.2714553,-3.8491628,0.338495219,-1.319107592,-3.993423812
0.0729593,-1.4084628,-4.0293261,0.074645252,-1.441009715,-4.122436216
0.0052342,-1.3436741,-3.8641478,0.005412539,-1.389455523,-3.99580635
-0.2002836,-1.4016653,-4.0839312,-0.208332704,-1.457996172,-4.248058403
-0.0604401,-1.2891914,-3.681138,-0.0617825,-1.31782489,-3.762897643
0.83045,0.2405014,-2.8236416,0.848380365,0.2456941,-2.88460725
1.0342194,0.1219658,-3.2032583,1.060456418,0.125059939,-3.28452147
0.9040456,0.1684253,-3.1013491,0.933793069,0.173967306,-3.203398473
1.1604165,0.1458861,-3.6221418,1.211638855,0.15232571,-3.782028041
0.2312777,-1.0723127,-2.1976223,0.236190391,-1.095090255,-2.244303146
-0.1577636,1.0392208,-3.3956539,-0.161099353,1.061194082,-3.467451599
-0.0498551,1.1862449,-4.0681934,-0.052732067,1.254699018,-4.302954865
0.0966701,1.1277322,-3.8431583,0.098602515,1.15027533,-3.919982229
-0.1245077,0.9654796,-2.3928917,-0.129287095,1.002540828,-2.484746053
0.4271803,0.850285,-2.4950327,0.447760007,0.891248069,-2.61523263
0.7947993,0.4860548,-2.3247929,0.814467898,0.498083014,-2.382323671
1.0269251,0.1914213,-2.1104738,1.051056449,0.195919441,-2.160067075
0.7930876,0.7301407,-3.4447933,0.804487294,0.740635607,-3.494308119
0.1950368,0.9363048,-2.9487067,0.200591473,0.962970881,-3.032686247
0.3020297,0.8721625,-2.7101366,0.313607073,0.905594148,-2.814021292
0.4473585,0.8718505,-3.2705866,0.464793927,0.905830151,-3.398055002
0.3577107,0.8147247,-3.1177349,0.377024513,0.858713991,-3.286070226
0.6854134,0.8544306,-3.7643968,0.718068911,0.895138687,-3.943745938
-0.1166411,1.0865257,-3.6087147,-0.119552687,1.11364748,-3.698795189
0.3259904,0.9709537,-3.5595872,0.33440059,0.996003228,-3.651420599
0.495024,1.003244,-3.9798191,0.503899715,1.021232033,-4.051176734
0.6956449,0.8045517,-3.5943055,0.705987583,0.816513584,-3.647744781
1.0376667,0.6645493,-3.9296027,1.083367443,0.693817269,-4.102669603
0.6749262,0.5980679,-2.6441723,0.700228119,0.620488523,-2.743298151
0.5629306,0.6279791,-2.8974785,0.583811097,0.651272407,-3.004953186
0.6243319,0.5324117,-3.0749181,0.651474555,0.55555815,-3.208599306
0.6647105,0.6612206,-3.1381839,0.693432951,0.689792251,-3.273786292
0.8329148,0.5499575,-3.197679,0.84327464,0.556797902,-3.237451908
0.9684068,0.4332638,-3.3227326,1.010935116,0.452290907,-3.468652911
0.9752756,0.5828067,-3.627044,1.012788121,0.60522349,-3.766552836
1.137279,0.3707108,-3.7904501,1.193856981,0.389153125,-3.979019497
1.078512,0.3231464,-3.4702609,1.113789136,0.333716222,-3.583769944
0.8369418,-0.6615518,-0.5318051,0.874169881,-0.690978343,-0.555460369
1.067407,-0.3950292,-0.7281472,1.08367874,-0.401051095,-0.739247204
0.9672336,-0.618522,-1.1870478,1.020703557,-0.652714717,-1.252669378
0.9770686,-0.5106298,-0.9135255,0.99745342,-0.521283194,-0.932584605
1.116175,-0.2180204,-1.642957,1.147922012,-0.224221485,-1.689687105
1.0118468,-0.5419831,-1.4578689,1.050674621,-0.562780737,-1.513812026
0.8982392,-0.661453,-1.6951853,0.922552366,-0.679356935,-1.741069872
0.7583284,-0.811119,-1.5722051,0.789144364,-0.8440802,-1.636094329
0.5451592,-0.8946662,-0.6323555,0.558344704,-0.916305063,-0.647649979
0.302106,-0.9937913,-0.4709396,0.313544861,-1.031419949,-0.488771131
0.2430716,-1.0379144,-0.7166738,0.247830676,-1.058235629,-0.730705489
0.7157858,-0.823791,-0.78581,0.74415348,-0.856439091,-0.816952846
0.5923154,-0.8886349,-1.1060207,0.607783537,-0.911841331,-1.134904095
0.4366284,-0.998044,-0.9108499,0.44977064,-1.028084496,-0.938265908
0.8063413,-0.7766818,-1.0047177,0.837540089,-0.80673301,-1.043592028
-0.011434,-1.0723372,-0.6235111,-0.011874948,-1.113691448,-0.647556552
0.1729832,-1.073032,-1.0456882,0.179347237,-1.112508752,-1.084158976
0.0500084,-1.0766084,-0.8797486,0.051449931,-1.107642465,-0.90510803
0.6188221,-0.8876822,-1.4433741,0.646824747,-0.927851178,-1.508688986
0.3637368,-1.0201388,-1.2736534,0.37720311,-1.057906509,-1.320806759
0.7494022,-0.8480245,-1.2861776,0.774469307,-0.876390471,-1.32919956
0.6198192,-0.8678956,-1.6993582,0.643925279,-0.901649895,-1.765449833
0.3923946,-0.9742627,-1.6136287,0.404482968,-1.004276482,-1.663339214
0.0761981,-1.0804185,-1.424148,0.080488529,-1.14125281,-1.504336428
-0.1263735,-1.0986178,-1.2036006,-0.130656877,-1.135854988,-1.244396136
0.010016,-1.073337,-1.6197436,0.010514194,-1.126724604,-1.700309378
0.745842,-0.813213,-1.8578725,0.78339629,-0.854159523,-1.951419232
0.1940606,-1.0494422,-1.8349523,0.198793391,-1.075036219,-1.879703507
-0.3933293,-1.0689353,-0.5837988,-0.405365381,-1.101645277,-0.601663347
-0.8997205,-0.7899725,-0.7073842,-0.929264435,-0.815912662,-0.730612428
-0.7908705,-0.9159388,-0.3571891,-0.839095971,-0.971790649,-0.378969673
-0.3384422,-1.0691005,-0.9893734,-0.350867187,-1.108349623,-1.025695559
-0.2206893,-1.0914694,-0.7540091,-0.234425321,-1.159404032,-0.800939715
-0.8237638,-0.8160986,-1.0792392,-0.845141502,-0.837277381,-1.107246809
-0.6385992,-0.9234322,-0.8481368,-0.655911144,-0.948465752,-0.87112915
-0.3445105,-1.0560726,-1.3658842,-0.359404613,-1.101729453,-1.42493504
-0.5581554,-0.9987475,-1.2286717,-0.57548516,-1.029756883,-1.266819832
-0.4391873,-1.0474196,-1.5815708,-0.461036328,-1.099527437,-1.660252003
-0.6693438,-0.9722424,-1.4028117,-0.691892992,-1.004995793,-1.450070329
-0.8720956,-0.8057472,-1.2850678,-0.899650477,-0.831205722,-1.325671015
-0.7822282,-0.9689056,-1.7316122,-0.819333094,-1.014865513,-1.813751002
-0.8460016,-0.8959873,-1.5625751,-0.878588747,-0.930499847,-1.622763952
-0.4734398,-1.1604816,-1.9904013,-0.483391553,-1.184875042,-2.032239739
-0.5714454,-1.0828812,-1.8729453,-0.592992974,-1.123713557,-1.943568717
-0.90164,-0.8795251,-1.9800696,-0.936359803,-0.913393316,-2.056316912
-1.1659888,-0.4332607,-0.7272698,-1.209641589,-0.4494813,-0.754497639
-1.2386352,-0.233265,-0.551838,-1.269474539,-0.239072794,-0.565577573
-1.0712447,-0.6041031,-0.578396,-1.121188145,-0.632267524,-0.60536191
-1.1456849,-0.5245895,-1.2829409,-1.181802383,-0.541127077,-1.323385351
-1.1507565,-0.4997186,-0.9434536,-1.190072672,-0.516791736,-0.975687164
-1.1369745,-0.5727526,-1.694702,-1.175776048,-0.592298938,-1.752537124
-1.0123774,-0.7118253,-1.441152,-1.027274779,-0.722299982,-1.462358901
-1.2820378,-0.3265195,-1.9388401,-1.296768104,-0.33027113,-1.961116904
-1.2564066,-0.2342607,-1.4526892,-1.272498216,-0.237261029,-1.471294735
-1.2768358,0.1209336,-1.2066309,-1.308769831,0.123958184,-1.236809087
1.1548157,-0.1172979,-1.2685706,1.186595757,-0.12052589,-1.303481146
1.0503277,-0.4500114,-1.0578385,1.074943329,-0.460557931,-1.082630153
-0.0045809,-1.1082132,-2.0247664,-0.004702696,-1.137678189,-2.078600554
-1.2645395,0.0441067,-0.9633777,-1.322064247,0.046113143,-1.007202395
-1.0418621,0.5313173,-0.3868981,-1.08170773,0.551637333,-0.401694874
-1.2368061,0.1530894,-0.5006738,-1.273274911,0.157603437,-0.515436808
-1.0869492,0.4710635,-0.5708656,-1.12929842,0.489416862,-0.593107406
-0.9430775,0.638106,-0.7112882,-0.979587869,0.662809681,-0.738825062
-0.8275576,0.6298517,-1.2558958,-0.847634367,0.64513207,-1.286364166
-0.8259046,0.6396745,-1.0653009,-0.839116665,0.649907427,-1.082342608
-1.1841848,0.3397887,-1.8596756,-1.232181756,0.353560895,-1.935051309
-1.3220213,0.1757376,-2.0690569,-1.37018837,0.182140496,-2.144441774
-1.1289344,0.3485907,-1.4262287,-1.15890076,0.357843669,-1.464086421
-0.931269,0.5580649,-1.6359607,-0.946385064,0.567123233,-1.662515096
-1.0770206,0.552902,-2.0053319,-1.091106627,0.560133238,-2.031559029
-0.8433159,0.7045207,-1.9038643,-0.860184354,0.718612898,-1.941946408
-0.7632776,0.8680979,-0.2981571,-0.792005352,0.900770811,-0.309378945
-0.8660066,0.7263519,-0.5000965,-0.906217621,0.760078377,-0.523317329
-0.6709128,0.7754235,-0.9438529,-0.693365535,0.801373785,-0.975439835
-0.5280778,0.9011374,-0.7027151,-0.540122785,0.921691543,-0.718743407
-0.3188187,0.7671497,-1.1024815,-0.32997656,0.793998027,-1.141065604
-0.3926227,0.965912,-0.4634057,-0.404104056,0.994157894,-0.476956943
-0.2632123,0.8938925,-0.968127,-0.273609601,0.929202662,-1.006369542
0.0088589,0.942524,-0.6563838,0.009105859,0.968798675,-0.674681765
-0.3249629,0.7488451,-1.2680546,-0.341154631,0.786157355,-1.331237196
-0.6735963,0.7712816,-1.7605667,-0.692749364,0.793212252,-1.810626725
-0.7574341,0.6771119,-1.4539035,-0.78244636,0.699471731,-1.501914821
-0.3937933,0.8067752,-1.6106947,-0.40437736,0.828459055,-1.653985656
-0.7530931,0.8663927,-2.0241365,-0.79085659,0.909837544,-2.125635849
-0.4122771,0.8922313,-1.9454838,-0.431596766,0.934042041,-2.036650876
-0.6091489,0.9561152,-2.2281858,-0.637214601,1.000166898,-2.330846409
-0.3876977,0.7577962,-1.4541575,-0.399212144,0.780302399,-1.49734531
-0.1181203,0.8757686,-1.8290256,-0.119863253,0.888691221,-1.856014241
-0.3483405,0.9659401,-2.1686365,-0.363191524,1.007121644,-2.261093371
-0.0169435,0.8860437,-1.9771543,-0.01730966,0.905191659,-2.019881843
0.2037361,0.9326921,-0.3916432,0.211195417,0.966840423,-0.405982293
0.2148411,0.8353189,-1.0135131,0.222633646,0.865616924,-1.050274443
0.1411887,0.7607014,-1.2914318,0.145002172,0.781247758,-1.326313056
0.0153877,0.8001544,-1.4906607,0.016016599,0.832856907,-1.551584369
0.151819,0.9297224,-2.1605858,0.159818038,0.978707608,-2.27442273
-1.261061,0.138001,-0.7626147,-1.324681065,0.1449631,-0.801088332
-1.1072864,0.4030131,-1.0598905,-1.128064609,0.410575634,-1.079779326
0.1302371,0.7687756,-1.1361277,0.132856319,0.784236568,-1.158976544
0.4739518,0.6946488,-1.1518639,0.473245119,0.693613051,-1.150146425
0.5369367,0.7685996,-0.7379372,0.550270051,0.787685663,-0.756261847
0.6926893,0.5856565,-1.3162132,0.698804486,0.590826781,-1.327832968
0.7279402,0.5849449,-0.978897,0.766409587,0.615857428,-1.030628677
0.865174,0.4855935,-1.1629241,0.894182371,0.501874938,-1.201915718
0.411487,0.7461522,-1.6738934,0.42705765,0.774386567,-1.737233454
0.264751,0.8051958,-1.9738448,0.278712854,0.847658441,-2.077937075
0.5586753,0.6588898,-1.5084851,0.583531377,0.688204531,-1.575599258
0.9513294,0.3562313,-1.3866474,0.983883885,0.368421532,-1.434098463
0.6008834,0.6647365,-1.8649376,0.628551038,0.69534425,-1.950808534
0.5296419,0.7451026,-2.2466059,0.546806237,0.769249467,-2.319412642
0.6753541,0.6641016,-2.0899042,0.696089108,0.684491129,-2.154069324
0.8349819,0.5728615,-0.4399458,0.871568345,0.597962602,-0.459222928
0.9893783,0.3193715,-1.2360942,1.013567667,0.327179832,-1.266315539
0.9241485,0.4448787,-0.7161718,0.940181635,0.45259694,-0.728596729
1.0105922,0.2940693,-0.8627966,1.034090242,0.300906927,-0.882858135
1.1457287,0.058221,-1.0347751,1.202677934,0.061114915,-1.086209309
1.1434455,0.0135722,-1.4589108,1.188751948,0.014109968,-1.516716849
0.9403711,0.4267535,-1.6509445,0.975598312,0.442740099,-1.712790479
0.8849711,0.3796796,-1.9348818,0.923775277,0.396327776,-2.019722419
1.1186318,0.0110047,-1.8345039,1.177787151,0.011586649,-1.931515913
0.4428731,0.8410229,-0.512591,0.459354881,0.872322058,-0.531667373
-0.4234285,-1.0257691,1.0467502,-0.438088159,-1.061282593,1.082990087
-0.6852194,-0.9505923,1.2240237,-0.707651678,-0.981712188,1.264095011
-0.9010887,-0.8426368,0.9885745,-0.905764954,-0.847009714,0.993704766
-1.0302423,-0.7281249,1.2501845,-1.060686562,-0.749641416,1.287128182
-0.3481738,-1.0701719,0.5674434,-0.358813408,-1.10287456,0.584783519
-0.6203327,-0.9812442,0.8354296,-0.635206855,-1.004772185,0.855461285
-0.8573879,-0.8580938,0.6742417,-0.884012197,-0.884740017,0.695178794
-1.0003933,-0.7212365,0.7994417,-1.023624505,-0.737985105,0.818006392
-0.667904,-0.9710406,0.0221396,-0.691610196,-1.005506151,0.02292541
-0.8697746,-0.88479,0.4054914,-0.885507203,-0.900794204,0.412825984
-1.2002887,-0.532039,1.4066012,-1.250207166,-0.554165819,1.465099938
-1.2990129,0.0101124,1.3823975,-1.339819661,0.010430068,1.425823677
-1.1928805,-0.3844769,0.8032306,-1.253478092,-0.404008089,0.844034218
-1.2362714,-0.3542736,0.3377027,-1.272737612,-0.364723584,0.347663893
-1.0830777,-0.5965759,0.5297808,-1.128459656,-0.621572981,0.551979105
-1.133936,-0.5679948,0.0197407,-1.183339618,-0.592741345,0.020600768
-1.069198,-0.7172941,0.1837148,-1.101076417,-0.73868041,0.189192305
-1.2862092,-0.1376965,0.0548453,-1.348816684,-0.144399011,0.057514948
-1.2758253,-0.4400477,1.1500165,-1.310643226,-0.452056827,1.181401039
-1.2440861,-0.3031046,0.6056561,-1.30487968,-0.317916126,0.635252124
-0.1288751,-1.0613931,-0.2776367,-0.133306498,-1.097889332,-0.287183298
-1.1233991,-0.557855,-0.3150557,-1.171378621,-0.581680563,-0.328511489
-1.2223274,-0.3476468,-0.1470472,-1.245909017,-0.354353738,-0.149884092
-1.0513827,-0.7014359,-0.1364526,-1.10105261,-0.734573461,-0.142898957
-1.2782459,-0.1421146,-0.3427497,-1.330047863,-0.147873911,-0.356639912
-1.0460115,0.5332911,1.2927539,-1.08993093,0.555682672,1.347033432
-1.2474837,0.268921,0.3217112,-1.297742916,0.279755417,0.334672454
-1.1121746,0.5009253,0.4807064,-1.149678141,0.517816958,0.496916258
-1.2997767,0.102608,0.5061673,-1.349368972,0.106522952,0.525479838
-1.2497231,0.2015191,0.1634209,-1.305545921,0.210520586,0.17072061
-1.2320257,0.2459285,1.1545865,-1.277802719,0.255066194,1.197486196
-1.1702057,0.3760197,0.9184346,-1.216691222,0.390956794,0.954918708
-1.169946,0.4343141,0.7154277,-1.201978516,0.446205395,0.73501574
-0.99742,0.658427,0.2921323,-1.039669518,0.68631718,0.304506675
-0.8347864,0.8416402,0.5118363,-0.865441875,0.872547364,0.530632228
-1.0232134,0.6054665,0.0122938,-1.063790959,0.629477476,0.012781335
-0.8276466,0.8025703,0.1220957,-0.861982283,0.83586567,0.127160953
-0.6191384,0.934307,-0.0556797,-0.650990021,0.982372493,-0.058544146
-0.5944049,0.9329119,0.6711024,-0.614688772,0.964747213,0.694003549
-0.8570678,0.8241682,0.8116803,-0.875151665,0.841557893,0.828806502
-0.9446306,0.6420635,0.8979626,-0.973791461,0.661884078,0.925682814
-0.8782317,0.6496615,1.0892429,-0.918163424,0.67920052,1.13876895
-0.7034442,0.8690894,0.3166769,-0.724155761,0.894678065,0.326000842
-1.2047185,0.2839829,-0.2647528,-1.249591988,0.294560727,-0.274614342
-1.2738578,0.0588513,-0.1087889,-1.342445459,0.06202,-0.114646364
-0.9500993,0.7142377,-0.1538088,-0.986662496,0.741724104,-0.159727909
-0.2837052,0.9796526,-0.1723834,-0.294687905,1.017576597,-0.179056651
-0.0976531,0.9898563,-0.2810474,-0.100028729,1.013936756,-0.287884503
-0.9522787,0.7413221,0.6616829,-0.989534601,0.770324768,0.687569851
-0.3209944,1.0172817,0.4142505,-0.325183082,1.030556293,0.419656089
-0.4021463,0.991479,0.1827919,-0.410850229,1.012938263,0.186748191
-1.1741115,-0.5435068,0.9376705,-1.220968896,-0.565197511,0.975091817
-1.3309045,-0.0054754,0.7482668,-1.373981927,-0.005652622,0.772485975
-1.2813607,-0.0871318,0.9359367,-1.329707346,-0.090419344,0.971250254
0.7349008,-0.749312,1.4437542,0.756900327,-0.771742932,1.486973515
1.035155,-0.4244078,1.2198877,1.075593308,-0.440987282,1.267542587
0.9277563,-0.6286766,0.6587346,0.951373307,-0.64468022,0.675503378
0.9682741,-0.5431102,0.8890955,1.02093388,-0.572647357,0.937449136
0.5478765,-0.875638,0.3486222,0.569662004,-0.910456459,0.36248465
0.6062212,-0.8778348,1.1451848,0.63273049,-0.916221411,1.19526229
0.2348822,-0.9755657,1.3586324,0.238981304,-0.992591024,1.382342907
0.0856546,-1.0252905,1.0598398,0.088349145,-1.057544364,1.093180525
-0.2367192,-1.0528051,1.2594966,-0.241782881,-1.075325745,1.2864386
0.4464735,-0.9509428,0.9711582,0.465421206,-0.991299473,1.012372786
0.7614879,-0.7799498,0.9765458,0.792337319,-0.811547148,1.01610765
0.6078383,-0.8996393,0.7764561,0.632947988,-0.936803233,0.808531358
0.2339805,-1.0196761,0.8539559,0.241763125,-1.053592417,0.882360056
0.1561737,-1.0881194,0.6446883,0.159886533,-1.113988065,0.660014951
-0.1555623,-1.0774815,0.8032835,-0.162011224,-1.122149114,0.836584079
0.0585994,-1.1155823,0.4713231,0.059016836,-1.123529214,0.474680597
-0.0450693,-1.0904478,0.2610174,-0.047059097,-1.138590768,0.272541246
0.1545996,-1.0124876,-0.0486941,0.159677844,-1.045745508,-0.05029359
0.4007124,-0.8927248,0.0895267,0.428337278,-0.954268726,0.095698618
0.6711169,-0.740545,-0.3095445,0.679344219,-0.749623448,-0.313339251
0.3549155,-0.91436,-0.2194892,0.372851638,-0.960568429,-0.230581386
0.0008475,0.9603365,-0.0185169,0.000865491,0.980722803,-0.018909982
0.6684057,0.7212063,-0.2429992,0.69281438,0.74754314,-0.251872987
0.2522805,0.8491773,-0.1692722,0.258430207,0.869877241,-0.173398458
-0.4438899,-1.0633166,3.1261167,-0.46785234,-1.120717456,3.294873376
-0.6033396,-0.9736898,2.8848786,-0.615622401,-0.993512199,2.943609023
-0.5838665,-1.0069788,2.6304519,-0.612426682,-1.056235776,2.759122042
-0.8126324,-0.9244978,2.3659932,-0.845890651,-0.962334318,2.46282517
-1.0144887,-0.756567,3.1415625,-1.044853576,-0.779211967,3.235593272
-1.0381768,-0.7381543,2.5543728,-1.053986912,-0.749395451,2.593272648
-1.1525973,-0.5952695,2.3578306,-1.211918053,-0.62590625,2.479181125
-1.169969,-0.5701622,2.9227786,-1.238730862,-0.603671989,3.094557252
-1.2936885,-0.2644814,3.0534761,-1.306382027,-0.267076462,3.083436467
-1.320654,-0.0590284,2.821518,-1.372281078,-0.061335941,2.931816934
-1.3057843,-0.0085271,2.5365708,-1.376376066,-0.008988082,2.67369989
-0.4895469,-1.0096516,1.775863,-0.512391984,-1.05676777,1.858735016
-0.8729086,-0.9003406,2.0620949,-0.913772568,-0.942488758,2.158628924
-0.9721026,-0.8049839,2.1912953,-1.011198661,-0.837358775,2.279424902
-0.6413616,-0.9673773,2.2030094,-0.6642912,-1.001962431,2.281770157
-0.9193973,-0.8290998,1.7651243,-0.960795452,-0.866432082,1.844603415
-0.6540823,-0.9634103,1.9426274,-0.675844025,-0.995463561,2.007259823
-0.7105924,-0.9276402,1.5809005,-0.746228264,-0.974160905,1.660181892
-0.8964692,-0.8521453,1.4071616,-0.911115774,-0.866067707,1.430151901
-1.0227516,-0.7365682,1.5745901,-1.052095219,-0.757700972,1.619766438
-1.1952734,-0.5101003,2.0784488,-1.206381715,-0.514840935,2.097764937
-0.9941886,-0.7513761,1.9105302,-1.020212817,-0.771044375,1.960540884
-1.2846139,-0.1519293,2.2177028,-1.321151547,-0.156250551,2.28077984
-1.2792405,-0.3935007,1.6728877,-1.321243578,-0.406421054,1.727815942
-1.2811901,0.0043076,1.9301131,-1.33387277,0.004484729,2.009479551
-1.2311915,0.3605285,2.8397416,-1.270824904,0.372134308,2.931155994
-1.3076631,0.3060543,3.0300335,-1.365257661,0.31953412,3.163487942
-1.0022063,0.7434377,2.9024724,-1.041092502,0.772283526,3.015090058
-1.1101533,0.5556387,2.7259789,-1.153920666,0.577544542,2.833449567
-0.8507596,0.8488459,2.7064616,-0.872523431,0.870560775,2.775697343
-1.2704721,0.1752351,2.6868173,-1.314132085,0.181257083,2.779150224
-1.1341266,0.5322726,2.3926517,-1.175804301,0.551832937,2.480578588
-0.5702471,1.0122489,2.3402452,-0.58902106,1.045574663,2.41729192
-0.5608158,1.0234489,2.8803189,-0.56662846,1.03405659,2.910172398
-0.5919366,1.0280976,3.0755924,-0.625521053,1.086428333,3.250090968
-0.6614864,0.9207959,2.5627576,-0.68870446,0.958683721,2.668206919
-1.2396191,0.2817255,2.1110192,-1.26134268,0.28666257,2.148013544
-1.1715634,0.4214536,1.9369864,-1.188110418,0.427406159,1.964344158
-0.9896712,0.6481998,2.1323442,-1.035723992,0.678362758,2.231569482
-1.1956619,0.3789148,1.7046111,-1.243804184,0.394171474,1.77324578
-0.924557,0.6933829,1.9224005,-0.957791264,0.718307345,1.991503395
-1.2039722,0.3148935,1.4818852,-1.243694704,0.325282742,1.530776853
-0.6672191,0.908288,2.102692,-0.689920863,0.939191999,2.174234938
0.110008,0.9779294,2.6484407,0.114887168,1.021303351,2.765906579
-1.269068,-0.3981573,2.4592064,-1.305537621,-0.409599276,2.529877416
-1.2443897,-0.4209093,2.6573226,-1.328747291,-0.449442881,2.837463382
-0.398559,0.9926395,2.7029759,-0.41556882,1.035003664,2.818334311
-0.8798608,-0.8722872,2.9731336,-0.916594021,-0.908704232,3.097258659
-0.9499005,-0.8268354,2.784539,-0.980471273,-0.853445553,2.874154186
0.8164583,-0.3225074,3.257966,0.832502765,-0.328845089,3.32198926
0.6405039,-0.5469135,3.1316042,0.666482231,-0.569095879,3.258619587
0.5871946,-0.6622662,3.2235609,0.609468568,-0.687387848,3.345839771
0.7918524,-0.0513682,2.9147774,0.814008694,-0.052805499,2.996333841
0.6129899,-0.5401178,2.9433316,0.631074416,-0.556052433,3.030166192
0.1489769,-0.8917144,2.830431,0.154755461,-0.926302489,2.940218618
0.7801171,-0.2988611,2.7783228,0.821298287,-0.31463752,2.924986207
0.5169595,-0.6868216,2.7411069,0.531742919,-0.706462542,2.819493952
0.4773264,-0.8393389,2.3147223,0.483142816,-0.849566586,2.342928133
0.4799857,-0.7753916,2.5441459,0.502707938,-0.812098178,2.664584255
0.2791146,-0.8877334,3.0829774,0.290376579,-0.923552503,3.207372275
0.014581,-1.0092337,3.2735997,0.014979262,-1.036799649,3.363013957
0.1432944,-0.9316559,2.6309106,0.148565207,-0.965925058,2.727683551
-0.0373639,-1.001276,2.3839084,-0.039117931,-1.048280447,2.495819898
0.832813,-0.553038,2.041294,0.843375864,-0.560052378,2.067184459
0.7419124,-0.6158201,2.2104172,0.768991905,-0.638297287,2.291096541
0.6664378,-0.7883576,1.9195204,0.687580773,-0.813368521,1.980417858
1.0090668,-0.2783339,1.5076464,1.045454699,-0.288370882,1.562013548
0.4891043,-0.902093,1.7304225,0.50239749,-0.926610662,1.777453033
0.2991052,-1.0128712,1.9213022,0.308510669,-1.044721294,1.98171823
-0.0062812,-1.0361708,1.747225,-0.006605565,-1.089679273,1.837452732
0.0930766,-1.017632,2.1398106,0.096150672,-1.051241674,2.210482845
0.2008123,-0.9995131,1.5789466,0.204134548,-1.016049089,1.605068762
-0.1237929,-1.0499395,1.4364962,-0.128043433,-1.085990049,1.485819496
-0.2975356,-1.0603332,1.5956339,-0.307288277,-1.095088998,1.647935883
-0.4065582,-1.0158892,2.0827754,-0.411925084,-1.029299727,2.110269655
-0.4864146,-1.0122047,1.3958099,-0.506450178,-1.053897745,1.45330377
0.8666564,0.0957086,3.1533402,0.880167598,0.0972007,3.202500862
0.7773818,0.1470648,2.7736657,0.808778147,0.153004349,2.885686552
0.8216809,-0.2087989,3.0399105,0.870321401,-0.22115903,3.219862072
-0.174055,-1.029056,1.9470163,-0.183751056,-1.08638147,2.055478447
0.9620955,-0.4896265,1.7661102,0.995272208,-0.506510682,1.827012389
0.5012449,-0.8719302,2.1122849,0.51702798,-0.899385331,2.178796025
0.9687843,-0.1331585,3.377154,1.002439596,-0.137784389,3.494475388
0.0075662,1.059481,3.1392969,0.007767424,1.087658051,3.222786957
0.1199612,0.9900002,2.8974393,0.124070961,1.023916704,2.996702927
0.6662823,0.6192309,3.2120066,0.672825964,0.625312464,3.243552223
0.446551,0.8650972,3.0860371,0.460923627,0.892941095,3.185363848
0.4001306,0.7471879,2.8123295,0.41241654,0.770130174,2.898681587
0.8330307,0.4270344,3.3721472,0.855430006,0.438516899,3.462820639
0.5441533,0.6555965,2.9547906,0.568835082,0.685333138,3.088814407
0.6804306,0.4721549,3.1281561,0.705736143,0.489714569,3.244493738
0.6314962,0.3956895,2.8613361,0.652190566,0.408656393,2.955103153
0.5849214,0.5722475,2.716936,0.607968695,0.594795413,2.823989745
0.7787352,0.2069777,3.0100021,0.807410919,0.214599333,3.120840769
-1.9774843,0.04096,4.5313252,-2.039583323,0.042246269,4.673622598
-1.9096568,-0.2527568,4.5354008,-1.993446674,-0.263846992,4.734400255
-1.8265923,-0.5147689,4.5485577,-1.867900424,-0.526410325,4.651422682
-1.6855586,-0.7696721,4.5569015,-1.774268577,-0.810179499,4.796728598
-1.5014391,-0.9992607,4.571327,-1.562670139,-1.040012117,4.757752876
-1.2870406,-1.2016437,4.5849165,-1.321721305,-1.234023293,4.70846205
-1.046275,-1.3741758,4.6006139,-1.102067194,-1.447453173,4.845939788
-0.7821245,-1.5100738,4.6159473,-0.811312558,-1.566428154,4.788209563
-0.5006258,-1.590774,4.6308323,-0.519140057,-1.649604365,4.802090791
-1.942891,0.3394623,4.534517,-1.98295407,0.346462128,4.628020276
-1.8704556,0.6215462,4.539788,-1.932271974,0.642087576,4.689822694
-1.7425713,0.8666463,4.5498792,-1.761879935,0.876249211,4.600294329
-1.5573693,1.081736,4.5541082,-1.576324261,1.094901961,4.609536892
-1.3401683,1.2695408,4.5590956,-1.397977237,1.324303179,4.755754834
-1.0874288,1.4276275,4.5645261,-1.112121132,1.460044751,4.668173156
-0.8035953,1.5472514,4.5723207,-0.827965786,1.594174606,4.710984622
-0.5049344,1.6256141,4.5881544,-0.52596907,1.693334295,4.779288759
-0.5859027,-1.3915749,4.3572979,-0.600696329,-1.426711182,4.46731659
-0.5763564,-1.4526386,4.5339874,-0.586322448,-1.477756854,4.612386698
-0.7912213,-1.2442773,4.1683563,-0.828504322,-1.302908706,4.3647728
-0.8181786,-1.3206066,4.4011974,-0.853105247,-1.37698104,4.589076998
-1.1653532,-1.1229951,4.3988908,-1.195211519,-1.151768133,4.51159782
-1.0435937,-1.0834382,4.1887945,-1.080687704,-1.121948456,4.337683055
-0.5986323,-1.1101483,3.8012665,-0.62436837,-1.157875183,3.964688453
-0.6786203,-1.2020397,3.9626709,-0.699140575,-1.23838725,4.082495043
-0.8524872,-0.92187,3.7019036,-0.876854915,-0.948220971,3.807719772
-0.9047321,-1.0356007,3.9320598,-0.952160438,-1.0898895,4.138188288
-1.1723239,-0.9071132,3.9587409,-1.206036112,-0.933198817,4.072581377
-1.1155875,-0.7181521,3.734546,-1.157910956,-0.745397546,3.876228203
-0.8666013,-0.9300364,3.4190477,-0.898171799,-0.963917855,3.543604451
-1.1132414,-0.6230407,3.510407,-1.171658804,-0.655734795,3.6946158
-1.4327668,-0.9405338,4.4497792,-1.497879976,-0.983277073,4.652002797
-1.3788838,-0.8768901,4.3085962,-1.439082568,-0.915173024,4.496699203
-1.654779,-0.4870471,4.3060122,-1.691145554,-0.49775078,4.400644067
-1.3589908,-0.5657849,3.8990871,-1.416113533,-0.58956665,4.062978211
-1.5836963,-0.3422465,4.0746671,-1.632634478,-0.352822341,4.200579361
-1.6922894,0.1320696,4.1390549,-1.744398323,0.136136283,4.26650455
-1.7621643,-0.1205292,4.1701811,-1.811135971,-0.123878783,4.286073095
-1.8056137,-0.2325941,4.3781117,-1.855141528,-0.238974136,4.498202927
-1.793418,0.0658301,4.3381081,-1.864044442,0.06842255,4.508946766
-1.632979,0.1002859,3.9351211,-1.707596431,0.104868369,4.114932737
-1.2932063,-0.4050321,3.6464099,-1.355673633,-0.424596863,3.822546919
-1.4426789,-0.2046354,3.7380893,-1.460679654,-0.2071887,3.784730604
-1.1901477,-0.4796052,3.2782296,-1.250699525,-0.504006348,3.445017962
-1.3271147,-0.2181172,3.426963,-1.364309684,-0.224230361,3.523010337
-1.4362656,-0.0444923,3.5883169,-1.467781019,-0.045468577,3.667053945
-1.5332875,0.1695482,3.7496987,-1.583721565,0.175125109,3.873036658
-1.3580348,0.0062402,3.2405594,-1.396435816,0.006416654,3.332192377
-1.4088769,0.1704534,3.4251291,-1.47722032,0.178721949,3.591279199
-1.6838619,0.3363998,4.2489993,-1.739658187,0.347546712,4.389793736
-1.8095848,0.4201234,4.4500583,-1.903116364,0.441838215,4.680067369
-1.5519487,0.489503,4.0179007,-1.590586369,0.501689779,4.117931274
-1.5313125,0.8969732,4.4248527,-1.592068731,0.932561436,4.600412797
-1.6259662,0.6322006,4.2880491,-1.693682705,0.658529816,4.466633192
-1.4067231,0.8650299,4.1502679,-1.43165492,0.880361112,4.223824474
-1.4368163,0.4001056,3.5704731,-1.539823707,0.42878974,3.826445401
-1.4099735,0.604873,3.8079245,-1.409660589,0.604738762,3.807079419
-1.3460743,0.3335709,3.2730642,-1.397568639,0.346331721,3.398275919
-1.2607734,0.598557,3.4002144,-1.296599482,0.61556557,3.496834744
-1.1694653,0.7908979,3.6187012,-1.217805658,0.823590009,3.768281792
-1.1350877,0.6646896,3.2183337,-1.158967546,0.678673265,3.28604064
-0.9911184,0.7774581,3.0944374,-1.016556996,0.797412772,3.173860951
-1.1603182,1.1372983,4.347579,-1.175836334,1.152508565,4.405723665
-0.8628576,1.3485065,4.3823981,-0.919272108,1.436673228,4.668923749
-1.0536933,1.1174022,4.179765,-1.089925964,1.15582558,4.323491851
-0.7183269,1.2751385,4.1874361,-0.744848026,1.322217495,4.342039137
-0.5016778,1.4117262,4.3517142,-0.512811852,1.443057531,4.448294541
-0.5128808,1.5160445,4.5103245,-0.527233897,1.558471383,4.636547054
-1.0824674,1.0310783,3.9804469,-1.121997426,1.068731676,4.125806629
-0.8920583,1.0609478,3.760775,-0.925525906,1.100751681,3.901869068
-0.767844,1.1951094,4.001843,-0.80114335,1.246938112,4.175392274
-0.8164909,0.9629786,3.456198,-0.844966152,0.996562634,3.576733462
-0.5005659,1.2969945,4.0707169,-0.518351145,1.343077073,4.215350595
-0.3968565,1.1010887,3.3345121,-0.410362592,1.138561705,3.447994501
-0.4724742,1.240804,3.8623202,-0.477755997,1.254674968,3.905497141
-1.2177115,0.8803698,3.8620574,-1.266668018,0.915763931,4.017326429
-1.5238878,-0.1753959,3.8846121,-1.579727359,-0.181822902,4.026955275
-1.1683607,1.2454739,4.4563046,-1.22983163,1.311001985,4.690764034
-1.342176,1.0626491,4.4501632,-1.405165656,1.11252028,4.65901379
-0.7954757,0.9332182,3.2363295,-0.816114642,0.957430928,3.320297392
-1.5596854,0.3254559,3.9030997,-1.607132651,0.335356607,4.02183605
-1.5149873,-0.7419339,4.3450115,-1.606681709,-0.786839353,4.607992756
-1.4563383,-0.6464936,4.1671087,-1.519287935,-0.674438025,4.347230291
-0.4346458,1.1258122,3.6375325,-0.446795451,1.157282021,3.739212422
-1.2892128,-0.8613509,4.1431386,-1.331099192,-0.889336103,4.277748751
1.6129421,-0.0007716,4.7526299,1.656203383,-0.000792295,4.880101846
-0.2024408,-1.6197235,4.6446836,-0.209423887,-1.675594997,4.80489948
0.1006351,-1.5962012,4.6597765,0.103037069,-1.634299498,4.770996535
0.3937116,-1.5218355,4.6741511,0.408363137,-1.578468907,4.848094408
0.6704005,-1.4021369,4.6880114,0.688754379,-1.440523881,4.816357358
0.9189589,-1.254457,4.699167,0.971065353,-1.325586737,4.965617356
1.1235216,-1.0671631,4.7110245,1.148136311,-1.090543079,4.814236139
1.2960006,-0.8312276,4.7214437,1.349193262,-0.865344257,4.915229225
1.437858,-0.5684994,4.7314462,1.477297847,-0.584093102,4.861227802
1.5426362,-0.283096,4.7431105,1.614101406,-0.296210896,4.962843039
0.552341,-0.7510643,3.5013966,0.570115404,-0.775233645,3.614071991
1.3872827,-0.0112685,4.4831625,1.437753797,-0.011678462,4.646265616
1.3706628,-0.3378786,4.6444414,1.40854175,-0.347216044,4.772792856
1.4949806,0.0232154,4.670591,1.528057822,0.023729053,4.773930251
1.2240157,0.056958,4.1481014,1.262617976,0.058754307,4.278921743
1.2637501,-0.1763786,4.2877155,1.33118531,-0.185790372,4.516513105
1.2419615,-0.400389,4.4892374,1.258120614,-0.405598446,4.547646697
1.2542454,-0.6314482,4.5846138,1.286263501,-0.647567671,4.701648815
1.1417827,-0.3267914,4.0367001,1.192844177,-0.341405785,4.217224702
1.0789902,-0.5426375,4.3260134,1.120022838,-0.563273321,4.49052624
1.0856654,-0.1144902,3.7638678,1.1273845,-0.11888974,3.908502766
1.1747569,0.053183,3.9705507,1.212745657,0.054902808,4.098948571
0.8901011,-0.387105,3.5386111,0.92686522,-0.403093717,3.684767446
1.1172515,-0.6710278,4.4615392,1.141724147,-0.685726215,4.559266232
1.1004765,-0.8731203,4.5568933,1.145701637,-0.909002016,4.744163199
0.9200288,-0.6972179,4.1454869,0.964170849,-0.730669708,4.344383159
0.9254489,-0.8460553,4.3773119,0.950432769,-0.86889582,4.495483941
0.9020116,-1.0731059,4.5416557,0.945204074,-1.124491158,4.759131113
0.7029079,-0.9339488,4.1170579,0.724440958,-0.962559623,4.243180888
0.9289766,-0.4994821,3.8122662,0.957582011,-0.514862349,3.929654995
0.5940065,-0.7941956,3.7898178,0.60941998,-0.814803655,3.888157267
0.8001871,-0.7194369,3.9476101,0.824155656,-0.740986689,4.065855587
0.7426144,-0.5786625,3.6772652,0.780258105,-0.607995355,3.863668652
0.7348649,-0.5431042,3.3669972,0.756074061,-0.558778897,3.464173139
0.3449598,-1.1576921,4.0381889,0.363618639,-1.220311543,4.256614111
0.6237352,-1.2914393,4.5327424,0.64461635,-1.334673572,4.68448768
0.7029507,-1.0867685,4.3475376,0.737961344,-1.140895291,4.564067853
0.4604786,-1.2367057,4.362016,0.478275231,-1.284502048,4.530599709
0.5136317,-1.1343568,4.2057307,0.532320124,-1.175630229,4.35875568
0.2503773,-1.4032781,4.4789501,0.26180057,-1.467301573,4.683298719
0.0020533,-1.3670774,4.3241078,0.002095079,-1.394893597,4.412091287
-0.0721427,-1.4752619,4.478985,-0.076836912,-1.57125488,4.770425534
0.1294036,-1.2862306,4.1629292,0.132888896,-1.320873335,4.275051595
-0.1746478,-1.3046989,4.1496048,-0.177406674,-1.325308951,4.215155225
0.181197,-1.0014498,3.4581413,0.188560632,-1.042147535,3.59867607
0.3301107,-1.0288909,3.7382571,0.341301599,-1.063770759,3.864985677
0.4786714,-0.9976967,3.9010712,0.489366926,-1.019989427,3.988237487
0.4192109,-0.9140736,3.6211456,0.428138064,-0.933538945,3.698258482
0.1335228,-1.1448397,3.8307426,0.137081585,-1.175353125,3.932843425
-0.0124192,-1.2357771,3.9798314,-0.013116017,-1.305114108,4.203131867
-0.2382339,-1.1515156,3.8305707,-0.247673011,-1.197140019,3.98234247
0.0357311,-1.1059396,3.621763,0.037509275,-1.160977215,3.802001774
0.3821862,-0.8542441,3.3175221,0.402801044,-0.900321402,3.496466816
-0.2853681,-1.3894606,4.305033,-0.296655704,-1.444420076,4.475316605
-0.3574423,-1.4831146,4.4658284,-0.373995399,-1.551797413,4.672640238
-0.4986641,-1.3209972,4.1847699,-0.519857525,-1.377140112,4.362624304
-0.2620643,-1.0569587,3.4011212,-0.271000364,-1.092999665,3.517095163
-0.4463455,-1.0581712,3.6153495,-0.462271077,-1.095926677,3.744344927
-0.4051936,-1.2547078,3.9996709,-0.423135312,-1.310265453,4.17677375
0.9760606,0.0974995,3.5215902,1.025769141,0.102464927,3.700936759
-0.2021718,1.6558705,4.6095016,-0.210782629,1.726396748,4.805827854
0.1060292,1.6425112,4.6304764,0.110634152,1.713847064,4.831582507
0.402433,1.5861562,4.6518322,0.416332003,1.640937964,4.812494543
0.6540519,1.4804221,4.6830364,0.674247802,1.526134771,4.827639822
0.8831791,1.302704,4.6970301,0.914520066,1.348932451,4.863711421
1.0761678,1.0822891,4.7103627,1.104666792,1.110950196,4.835102161
1.2401188,0.8402533,4.7228162,1.252828298,0.848864731,4.771218517
1.3860717,0.572106,4.7360959,1.423813128,0.587683908,4.865055335
1.5013533,0.2929174,4.7368967,1.568692152,0.306055361,4.949356477
-0.2566,1.5045744,4.4243645,-0.26489466,1.553210151,4.567383211
-0.1294895,1.3573825,4.242842,-0.132439167,1.388302582,4.339490528
-0.1473111,1.315078,4.0961591,-0.150641461,1.344808856,4.188763734
-0.0589819,1.2489089,3.8511354,-0.060452492,1.280047869,3.947155523
0.5140438,1.0990569,4.0193226,0.535402663,1.144723447,4.186328134
0.4189584,1.3070917,4.3045123,0.430422668,1.342858617,4.422299852
0.010941,1.4989421,4.4704757,0.011454987,1.569359481,4.680489944
0.2927786,1.4625372,4.4589075,0.305560333,1.526386673,4.65356846
0.1967825,1.2518533,4.0370125,0.202382703,1.2874796,4.151901217
0.1305018,1.373725,4.2620623,0.138926675,1.462409309,4.537210566
0.3918809,1.2189054,4.1707926,0.410783323,1.27769945,4.371971289
0.3000274,1.0788401,3.8268162,0.306782595,1.103130466,3.912977962
0.6113751,0.9636011,3.8738961,0.620901244,0.978615456,3.934257233
0.4228822,0.9801114,3.5513231,0.443957978,1.028958596,3.728315406
-0.0450837,1.1584228,3.5903782,-0.04690949,1.205336349,3.735780537
0.8120911,1.1933111,4.5167672,0.845250332,1.242036273,4.701195436
0.7290888,0.9483434,4.038638,0.751316896,0.977256021,4.161765984
0.6875385,1.1345514,4.2487757,0.710560042,1.172540725,4.391041726
0.6537391,0.8532531,3.7212373,0.673426362,0.878948699,3.833301844
0.8266352,0.7369401,3.9051361,0.838213988,0.747262517,3.959835853
0.4331264,0.9118528,3.3032026,0.451397127,0.950317815,3.442542786
0.669468,0.7142577,3.4655754,0.705395174,0.752588525,3.651556403
0.9311381,0.9180375,4.337962,0.961496412,0.947968687,4.479394515
1.0324589,0.9409792,4.5663402,1.061405131,0.967360688,4.694363058
0.9825399,0.6871709,4.1976127,1.018910973,0.71260818,4.352997409
1.1075475,0.6144573,4.3908772,1.143956946,0.63465693,4.535222616
1.231099,0.6137401,4.595338,1.280187002,0.638211954,4.778569374
1.099152,0.5140696,4.2214271,1.13845462,0.5324513,4.372373596
0.7745743,0.6517297,3.6076721,0.80243963,0.675175693,3.737458196
0.9204842,0.5255687,3.7972282,0.957985796,0.546980979,3.951931688
1.0701399,0.4090645,4.0515794,1.112068198,0.42509173,4.210321101
0.8913479,0.4254877,3.5319213,0.917486958,0.437965261,3.635496007
0.951347,0.3068765,3.6925021,0.999712456,0.32247777,3.880224926
1.3018409,0.3461379,4.5200101,1.336272345,0.35529265,4.639556566
1.3657023,0.3579742,4.682303,1.416080536,0.371179207,4.855024513
1.216371,0.3092417,4.3013077,1.264849519,0.321566541,4.472736506
1.072215,0.1898433,3.8387476,1.105610938,0.195756289,3.958311846
0.5587652,1.3532586,4.4630491,0.585377752,1.417710834,4.675612673
0.1040147,1.0655871,3.3844442,0.106909766,1.095245837,3.478644233
